"Longitude (x)","Latitude (y)","Station Name","Climate ID","Date/Time","Year","Month","Day","Time","Temp (°C)","Temp Flag","Dew Point Temp (°C)","Dew Point Temp Flag","Rel Hum (%)","Rel Hum Flag","Wind Dir (10s deg)","Wind Dir Flag","Wind Spd (km/h)","Wind Spd Flag","Visibility (km)","Visibility Flag","Stn Press (kPa)","Stn Press Flag","Hmdx","Hmdx Flag","Wind Chill","Wind Chill Flag","Weather"
"-66.61","45.92","FREDERICTON CDA CS","8101605","2019-11-01 00:00","2019","11","01","00:00","17.8","","16.7","","93","","19","","32","","","","99.87","","","","","","NA"
"-66.61","45.92","FREDERICTON CDA CS","8101605","2019-11-01 01:00","2019","11","01","01:00","17.7","","16.7","","94","","19","","30","","","","99.80","","","","","","NA"
"-66.61","45.92","FREDERICTON CDA CS","8101605","2019-11-01 02:00","2019","11","01","02:00","17.4","","16.5","","94","","18","","32","","","","99.71","","","","","","NA"
"-66.61","45.92","FREDERICTON CDA CS","8101605","2019-11-01 03:00","2019","11","01","03:00","17.5","","16.6","","94","","18","","30","","","","99.64","","","","","","NA"
"-66.61","45.92","FREDERICTON CDA CS","8101605","2019-11-01 04:00","2019","11","01","04:00","17.6","","16.6","","94","","18","","31","","","","99.51","","","","","","NA"
"-66.61","45.92","FREDERICTON CDA CS","8101605","2019-11-01 05:00","2019","11","01","05:00","17.8","","16.5","","93","","18","","33","","","","99.37","","","","","","NA"
"-66.61","45.92","FREDERICTON CDA CS","8101605","2019-11-01 06:00","2019","11","01","06:00","18.0","","16.7","","92","","18","","34","","","","99.22","","","","","","NA"
"-66.61","45.92","FREDERICTON CDA CS","8101605","2019-11-01 07:00","2019","11","01","07:00","18.4","","17.0","","92","","18","","34","","","","99.11","","","","","","NA"
"-66.61","45.92","FREDERICTON CDA CS","8101605","2019-11-01 08:00","2019","11","01","08:00","18.8","","17.3","","91","","19","","43","","","","99.03","","","","","","NA"
"-66.61","45.92","FREDERICTON CDA CS","8101605","2019-11-01 09:00","2019","11","01","09:00","18.1","","16.9","","93","","18","","42","","","","98.90","","","","","","NA"
"-66.61","45.92","FREDERICTON CDA CS","8101605","2019-11-01 10:00","2019","11","01","10:00","17.5","","16.4","","94","","19","","33","","","","98.93","","","","","","NA"
"-66.61","45.92","FREDERICTON CDA CS","8101605","2019-11-01 11:00","2019","11","01","11:00","16.8","","12.8","","77","","20","","40","","","","98.91","","","","","","NA"
"-66.61","45.92","FREDERICTON CDA CS","8101605","2019-11-01 12:00","2019","11","01","12:00","15.2","","10.2","","72","","23","","37","","","","99.10","","","","","","NA"
"-66.61","45.92","FREDERICTON CDA CS","8101605","2019-11-01 13:00","2019","11","01","13:00","11.0","","8.8","","86","","26","","25","","","","99.36","","","","","","NA"
"-66.61","45.92","FREDERICTON CDA CS","8101605","2019-11-01 14:00","2019","11","01","14:00","11.3","","2.0","","53","","25","","33","","","","99.57","","","","","","NA"
"-66.61","45.92","FREDERICTON CDA CS","8101605","2019-11-01 15:00","2019","11","01","15:00","11.9","","0.3","","45","","24","","29","","","","99.66","","","","","","NA"
"-66.61","45.92","FREDERICTON CDA CS","8101605","2019-11-01 16:00","2019","11","01","16:00","11.6","","-1.4","","40","","25","","41","","","","99.87","","","","","","NA"
"-66.61","45.92","FREDERICTON CDA CS","8101605","2019-11-01 17:00","2019","11","01","17:00","10.1","","-2.3","","42","","26","","32","","","","100.11","","","","","","NA"
"-66.61","45.92","FREDERICTON CDA CS","8101605","2019-11-01 18:00","2019","11","01","18:00","8.1","","-2.4","","48","","27","","29","","","","100.37","","","","","","NA"
"-66.61","45.92","FREDERICTON CDA CS","8101605","2019-11-01 19:00","2019","11","01","19:00","7.4","","-3.4","","46","","26","","35","","","","100.53","","","","","","NA"
"-66.61","45.92","FREDERICTON CDA CS","8101605","2019-11-01 20:00","2019","11","01","20:00","6.7","","-2.9","","50","","26","","30","","","","100.63","","","","","","NA"
"-66.61","45.92","FREDERICTON CDA CS","8101605","2019-11-01 21:00","2019","11","01","21:00","6.0","","-3.1","","52","","26","","29","","","","100.78","","","","","","NA"
"-66.61","45.92","FREDERICTON CDA CS","8101605","2019-11-01 22:00","2019","11","01","22:00","5.6","","-3.4","","52","","27","","21","","","","100.96","","","","","","NA"
"-66.61","45.92","FREDERICTON CDA CS","8101605","2019-11-01 23:00","2019","11","01","23:00","5.4","","-3.3","","53","","27","","24","","","","101.04","","","","","","NA"
"-66.61","45.92","FREDERICTON CDA CS","8101605","2019-11-02 00:00","2019","11","02","00:00","5.2","","-4.6","","49","","28","","33","","","","101.10","","","","","","NA"
"-66.61","45.92","FREDERICTON CDA CS","8101605","2019-11-02 01:00","2019","11","02","01:00","4.1","","-4.7","","52","","28","","27","","","","101.17","","","","","","NA"
"-66.61","45.92","FREDERICTON CDA CS","8101605","2019-11-02 02:00","2019","11","02","02:00","3.6","","-4.6","","55","","28","","13","","","","101.27","","","","","","NA"
"-66.61","45.92","FREDERICTON CDA CS","8101605","2019-11-02 03:00","2019","11","02","03:00","3.5","","-4.5","","56","","28","","19","","","","101.34","","","","","","NA"
"-66.61","45.92","FREDERICTON CDA CS","8101605","2019-11-02 04:00","2019","11","02","04:00","3.0","","-4.3","","59","","29","","16","","","","101.44","","","","","","NA"
"-66.61","45.92","FREDERICTON CDA CS","8101605","2019-11-02 05:00","2019","11","02","05:00","2.4","","-4.1","","62","","27","","11","","","","101.56","","","","","","NA"
"-66.61","45.92","FREDERICTON CDA CS","8101605","2019-11-02 06:00","2019","11","02","06:00","1.2","","-3.8","","69","","25","","11","","","","101.64","","","","","","NA"
"-66.61","45.92","FREDERICTON CDA CS","8101605","2019-11-02 07:00","2019","11","02","07:00","0.4","","-3.7","","74","","27","","14","","","","101.73","","","","","","NA"
"-66.61","45.92","FREDERICTON CDA CS","8101605","2019-11-02 08:00","2019","11","02","08:00","1.5","","-3.7","","68","","28","","9","","","","101.80","","","","","","NA"
"-66.61","45.92","FREDERICTON CDA CS","8101605","2019-11-02 09:00","2019","11","02","09:00","3.2","","-3.5","","62","","31","","9","","","","101.83","","","","","","NA"
"-66.61","45.92","FREDERICTON CDA CS","8101605","2019-11-02 10:00","2019","11","02","10:00","3.8","","-4.3","","55","","33","","12","","","","101.85","","","","","","NA"
"-66.61","45.92","FREDERICTON CDA CS","8101605","2019-11-02 11:00","2019","11","02","11:00","4.4","","-4.6","","52","","30","","5","","","","101.89","","","","","","NA"
"-66.61","45.92","FREDERICTON CDA CS","8101605","2019-11-02 12:00","2019","11","02","12:00","5.3","","-3.8","","52","","19","","4","","","","101.83","","","","","","NA"
"-66.61","45.92","FREDERICTON CDA CS","8101605","2019-11-02 13:00","2019","11","02","13:00","6.2","","-3.8","","49","","1","","4","","","","101.77","","","","","","NA"
"-66.61","45.92","FREDERICTON CDA CS","8101605","2019-11-02 14:00","2019","11","02","14:00","7.6","","-2.2","","50","","30","","2","","","","101.73","","","","","","NA"
"-66.61","45.92","FREDERICTON CDA CS","8101605","2019-11-02 15:00","2019","11","02","15:00","7.5","","-2.3","","50","","12","","4","","","","101.66","","","","","","NA"
"-66.61","45.92","FREDERICTON CDA CS","8101605","2019-11-02 16:00","2019","11","02","16:00","6.7","","-2.9","","50","","9","","10","","","","101.63","","","","","","NA"
"-66.61","45.92","FREDERICTON CDA CS","8101605","2019-11-02 17:00","2019","11","02","17:00","5.8","","-1.5","","59","","15","","7","","","","101.63","","","","","","NA"
"-66.61","45.92","FREDERICTON CDA CS","8101605","2019-11-02 18:00","2019","11","02","18:00","3.9","","-2.0","","66","","13","","3","","","","101.66","","","","","","NA"
"-66.61","45.92","FREDERICTON CDA CS","8101605","2019-11-02 19:00","2019","11","02","19:00","2.9","","-1.9","","70","","12","","9","","","","101.62","","","","","","NA"
"-66.61","45.92","FREDERICTON CDA CS","8101605","2019-11-02 20:00","2019","11","02","20:00","2.2","","-1.6","","76","","16","","3","","","","101.61","","","","","","NA"
"-66.61","45.92","FREDERICTON CDA CS","8101605","2019-11-02 21:00","2019","11","02","21:00","1.2","","-1.3","","83","","18","","3","","","","101.57","","","","","","NA"
"-66.61","45.92","FREDERICTON CDA CS","8101605","2019-11-02 22:00","2019","11","02","22:00","0.5","","-1.1","","89","","9","","6","","","","101.52","","","","","","NA"
"-66.61","45.92","FREDERICTON CDA CS","8101605","2019-11-02 23:00","2019","11","02","23:00","-0.6","","-1.6","","93","","14","","2","","","","101.48","","","","-1","","NA"
"-66.61","45.92","FREDERICTON CDA CS","8101605","2019-11-03 00:00","2019","11","03","00:00","-1.4","","-2.5","","92","","13","","2","","","","101.44","","","","-2","","NA"
"-66.61","45.92","FREDERICTON CDA CS","8101605","2019-11-03 01:00","2019","11","03","01:00","0.5","","-0.7","","91","","","","0","","","","101.37","","","","","","NA"
"-66.61","45.92","FREDERICTON CDA CS","8101605","2019-11-03 02:00","2019","11","03","02:00","0.1","","-0.7","","94","","3","","2","","","","101.26","","","","","","NA"
"-66.61","45.92","FREDERICTON CDA CS","8101605","2019-11-03 03:00","2019","11","03","03:00","1.0","","-0.6","","89","","34","","2","","","","101.08","","","","","","NA"
"-66.61","45.92","FREDERICTON CDA CS","8101605","2019-11-03 04:00","2019","11","03","04:00","0.7","","-0.8","","89","","2","","7","","","","100.97","","","","","","NA"
"-66.61","45.92","FREDERICTON CDA CS","8101605","2019-11-03 05:00","2019","11","03","05:00","1.2","","-0.4","","89","","1","","3","","","","100.96","","","","","","NA"
"-66.61","45.92","FREDERICTON CDA CS","8101605","2019-11-03 06:00","2019","11","03","06:00","1.0","","0.1","","94","","13","","4","","","","100.89","","","","","","NA"
"-66.61","45.92","FREDERICTON CDA CS","8101605","2019-11-03 07:00","2019","11","03","07:00","1.3","","0.5","","94","","24","","3","","","","100.86","","","","","","NA"
"-66.61","45.92","FREDERICTON CDA CS","8101605","2019-11-03 08:00","2019","11","03","08:00","1.8","","0.8","","93","","32","","6","","","","100.89","","","","","","NA"
"-66.61","45.92","FREDERICTON CDA CS","8101605","2019-11-03 09:00","2019","11","03","09:00","1.7","","0.9","","94","","36","","7","","","","100.81","","","","","","NA"
"-66.61","45.92","FREDERICTON CDA CS","8101605","2019-11-03 10:00","2019","11","03","10:00","3.0","","1.5","","90","","35","","5","","","","100.82","","","","","","NA"
"-66.61","45.92","FREDERICTON CDA CS","8101605","2019-11-03 11:00","2019","11","03","11:00","5.1","","2.6","","84","","34","","7","","","","100.81","","","","","","NA"
"-66.61","45.92","FREDERICTON CDA CS","8101605","2019-11-03 12:00","2019","11","03","12:00","6.3","","0.8","","68","","28","","17","","","","100.77","","","","","","NA"
"-66.61","45.92","FREDERICTON CDA CS","8101605","2019-11-03 13:00","2019","11","03","13:00","7.8","","0.5","","60","","28","","13","","","","100.75","","","","","","NA"
"-66.61","45.92","FREDERICTON CDA CS","8101605","2019-11-03 14:00","2019","11","03","14:00","8.3","","-0.9","","52","","30","","13","","","","100.73","","","","","","NA"
"-66.61","45.92","FREDERICTON CDA CS","8101605","2019-11-03 15:00","2019","11","03","15:00","8.5","","-1.7","","49","","28","","13","","","","100.79","","","","","","NA"
"-66.61","45.92","FREDERICTON CDA CS","8101605","2019-11-03 16:00","2019","11","03","16:00","8.7","","-2.1","","47","","30","","16","","","","100.85","","","","","","NA"
"-66.61","45.92","FREDERICTON CDA CS","8101605","2019-11-03 17:00","2019","11","03","17:00","7.1","","-1.4","","55","","29","","14","","","","100.96","","","","","","NA"
"-66.61","45.92","FREDERICTON CDA CS","8101605","2019-11-03 18:00","2019","11","03","18:00","5.3","","-1.3","","62","","27","","9","","","","101.03","","","","","","NA"
"-66.61","45.92","FREDERICTON CDA CS","8101605","2019-11-03 19:00","2019","11","03","19:00","4.4","","-1.7","","65","","26","","8","","","","101.10","","","","","","NA"
"-66.61","45.92","FREDERICTON CDA CS","8101605","2019-11-03 20:00","2019","11","03","20:00","3.3","","-2.0","","68","","16","","3","","","","101.16","","","","","","NA"
"-66.61","45.92","FREDERICTON CDA CS","8101605","2019-11-03 21:00","2019","11","03","21:00","0.5","","-1.9","","84","","23","","5","","","","101.21","","","","","","NA"
"-66.61","45.92","FREDERICTON CDA CS","8101605","2019-11-03 22:00","2019","11","03","22:00","0.7","","-2.0","","82","","21","","4","","","","101.28","","","","","","NA"
"-66.61","45.92","FREDERICTON CDA CS","8101605","2019-11-03 23:00","2019","11","03","23:00","2.5","","-1.6","","74","","22","","15","","","","101.32","","","","","","NA"
"-66.61","45.92","FREDERICTON CDA CS","8101605","2019-11-04 00:00","2019","11","04","00:00","1.3","","-1.0","","85","","1","","3","","","","101.37","","","","","","NA"
"-66.61","45.92","FREDERICTON CDA CS","8101605","2019-11-04 01:00","2019","11","04","01:00","0.3","","-0.9","","92","","4","","1","","","","101.44","","","","","","NA"
"-66.61","45.92","FREDERICTON CDA CS","8101605","2019-11-04 02:00","2019","11","04","02:00","0.6","","-0.5","","93","","29","","1","","","","101.49","","","","","","NA"
"-66.61","45.92","FREDERICTON CDA CS","8101605","2019-11-04 03:00","2019","11","04","03:00","-1.9","","-3.1","","92","","21","","5","","","","101.54","","","","-4","","NA"
"-66.61","45.92","FREDERICTON CDA CS","8101605","2019-11-04 04:00","2019","11","04","04:00","0.2","","-1.1","","91","","24","","6","","","","101.61","","","","","","NA"
"-66.61","45.92","FREDERICTON CDA CS","8101605","2019-11-04 05:00","2019","11","04","05:00","1.7","","-1.4","","79","","27","","15","","","","101.66","","","","","","NA"
"-66.61","45.92","FREDERICTON CDA CS","8101605","2019-11-04 06:00","2019","11","04","06:00","1.1","","-2.0","","80","","29","","11","","","","101.75","","","","","","NA"
"-66.61","45.92","FREDERICTON CDA CS","8101605","2019-11-04 07:00","2019","11","04","07:00","-1.8","","-2.7","","94","","16","","4","","","","101.84","","","","-3","","NA"
"-66.61","45.92","FREDERICTON CDA CS","8101605","2019-11-04 08:00","2019","11","04","08:00","0.3","","-1.8","","86","","3","","2","","","","101.96","","","","","","NA"
"-66.61","45.92","FREDERICTON CDA CS","8101605","2019-11-04 09:00","2019","11","04","09:00","3.0","","-0.2","","80","","18","","4","","","","102.01","","","","","","NA"
"-66.61","45.92","FREDERICTON CDA CS","8101605","2019-11-04 10:00","2019","11","04","10:00","4.3","","0.1","","74","","3","","4","","","","102.06","","","","","","NA"
"-66.61","45.92","FREDERICTON CDA CS","8101605","2019-11-04 11:00","2019","11","04","11:00","6.4","","-3.3","","50","","29","","17","","","","102.07","","","","","","NA"
"-66.61","45.92","FREDERICTON CDA CS","8101605","2019-11-04 12:00","2019","11","04","12:00","7.2","","-3.5","","47","","29","","14","","","","102.08","","","","","","NA"
"-66.61","45.92","FREDERICTON CDA CS","8101605","2019-11-04 13:00","2019","11","04","13:00","7.4","","-5.6","","39","","28","","13","","","","102.08","","","","","","NA"
"-66.61","45.92","FREDERICTON CDA CS","8101605","2019-11-04 14:00","2019","11","04","14:00","8.2","","-4.4","","41","","28","","11","","","","102.06","","","","","","NA"
"-66.61","45.92","FREDERICTON CDA CS","8101605","2019-11-04 15:00","2019","11","04","15:00","7.9","","-4.1","","43","","26","","16","","","","102.11","","","","","","NA"
"-66.61","45.92","FREDERICTON CDA CS","8101605","2019-11-04 16:00","2019","11","04","16:00","7.5","","-3.0","","47","","26","","9","","","","102.15","","","","","","NA"
"-66.61","45.92","FREDERICTON CDA CS","8101605","2019-11-04 17:00","2019","11","04","17:00","6.4","","-3.1","","51","","27","","7","","","","102.16","","","","","","NA"
"-66.61","45.92","FREDERICTON CDA CS","8101605","2019-11-04 18:00","2019","11","04","18:00","5.5","","-2.5","","56","","26","","6","","","","102.25","","","","","","NA"
"-66.61","45.92","FREDERICTON CDA CS","8101605","2019-11-04 19:00","2019","11","04","19:00","4.1","","-2.1","","64","","21","","8","","","","102.27","","","","","","NA"
"-66.61","45.92","FREDERICTON CDA CS","8101605","2019-11-04 20:00","2019","11","04","20:00","2.9","","-2.2","","69","","21","","6","","","","102.28","","","","","","NA"
"-66.61","45.92","FREDERICTON CDA CS","8101605","2019-11-04 21:00","2019","11","04","21:00","1.8","","-2.4","","74","","22","","5","","","","102.32","","","","","","NA"
"-66.61","45.92","FREDERICTON CDA CS","8101605","2019-11-04 22:00","2019","11","04","22:00","-0.1","","-2.3","","85","","16","","6","","","","102.35","","","","-2","","NA"
"-66.61","45.92","FREDERICTON CDA CS","8101605","2019-11-04 23:00","2019","11","04","23:00","-0.7","","-2.1","","90","","15","","7","","","","102.35","","","","-3","","NA"
"-66.61","45.92","FREDERICTON CDA CS","8101605","2019-11-05 00:00","2019","11","05","00:00","-0.9","","-2.4","","90","","16","","7","","","","102.37","","","","-3","","NA"
"-66.61","45.92","FREDERICTON CDA CS","8101605","2019-11-05 01:00","2019","11","05","01:00","-2.2","","-3.3","","92","","17","","7","","","","102.37","","","","-5","","NA"
"-66.61","45.92","FREDERICTON CDA CS","8101605","2019-11-05 02:00","2019","11","05","02:00","-0.6","","-2.3","","88","","21","","4","","","","102.37","","","","-2","","NA"
"-66.61","45.92","FREDERICTON CDA CS","8101605","2019-11-05 03:00","2019","11","05","03:00","0.1","","-1.2","","90","","18","","2","","","","102.38","","","","","","NA"
"-66.61","45.92","FREDERICTON CDA CS","8101605","2019-11-05 04:00","2019","11","05","04:00","1.0","","0.1","","94","","10","","4","","","","102.34","","","","","","NA"
"-66.61","45.92","FREDERICTON CDA CS","8101605","2019-11-05 05:00","2019","11","05","05:00","1.1","","0.4","","94","","17","","3","","","","102.31","","","","","","NA"
"-66.61","45.92","FREDERICTON CDA CS","8101605","2019-11-05 06:00","2019","11","05","06:00","1.0","","0.0","","93","","17","","6","","","","102.30","","","","","","NA"
"-66.61","45.92","FREDERICTON CDA CS","8101605","2019-11-05 07:00","2019","11","05","07:00","1.2","","0.5","","95","","15","","8","","","","102.28","","","","","","NA"
"-66.61","45.92","FREDERICTON CDA CS","8101605","2019-11-05 08:00","2019","11","05","08:00","2.1","","1.4","","95","","15","","7","","","","102.28","","","","","","NA"
"-66.61","45.92","FREDERICTON CDA CS","8101605","2019-11-05 09:00","2019","11","05","09:00","4.0","","2.9","","92","","14","","5","","","","102.27","","","","","","NA"
"-66.61","45.92","FREDERICTON CDA CS","8101605","2019-11-05 10:00","2019","11","05","10:00","8.5","","5.4","","81","","17","","13","","","","102.22","","","","","","NA"
"-66.61","45.92","FREDERICTON CDA CS","8101605","2019-11-05 11:00","2019","11","05","11:00","10.6","","5.4","","70","","18","","25","","","","102.19","","","","","","NA"
"-66.61","45.92","FREDERICTON CDA CS","8101605","2019-11-05 12:00","2019","11","05","12:00","11.2","","5.5","","68","","18","","22","","","","102.09","","","","","","NA"
"-66.61","45.92","FREDERICTON CDA CS","8101605","2019-11-05 13:00","2019","11","05","13:00","10.8","","6.0","","72","","19","","21","","","","102.03","","","","","","NA"
"-66.61","45.92","FREDERICTON CDA CS","8101605","2019-11-05 14:00","2019","11","05","14:00","10.5","","6.6","","77","","18","","18","","","","101.98","","","","","","NA"
"-66.61","45.92","FREDERICTON CDA CS","8101605","2019-11-05 15:00","2019","11","05","15:00","10.5","","6.7","","78","","17","","16","","","","101.90","","","","","","NA"
"-66.61","45.92","FREDERICTON CDA CS","8101605","2019-11-05 16:00","2019","11","05","16:00","10.2","","7.4","","83","","16","","14","","","","101.82","","","","","","NA"
"-66.61","45.92","FREDERICTON CDA CS","8101605","2019-11-05 17:00","2019","11","05","17:00","10.5","","7.3","","80","","16","","18","","","","101.72","","","","","","NA"
"-66.61","45.92","FREDERICTON CDA CS","8101605","2019-11-05 18:00","2019","11","05","18:00","9.7","","8.3","","91","","17","","13","","","","101.67","","","","","","NA"
"-66.61","45.92","FREDERICTON CDA CS","8101605","2019-11-05 19:00","2019","11","05","19:00","9.8","","8.9","","94","","16","","17","","","","101.62","","","","","","NA"
"-66.61","45.92","FREDERICTON CDA CS","8101605","2019-11-05 20:00","2019","11","05","20:00","9.7","","9.0","","96","","18","","14","","","","101.55","","","","","","NA"
"-66.61","45.92","FREDERICTON CDA CS","8101605","2019-11-05 21:00","2019","11","05","21:00","9.4","","9.1","","98","","35","","9","","","","101.33","","","","","","NA"
"-66.61","45.92","FREDERICTON CDA CS","8101605","2019-11-05 22:00","2019","11","05","22:00","9.3","","9.0","","98","","36","","5","","","","101.21","","","","","","NA"
"-66.61","45.92","FREDERICTON CDA CS","8101605","2019-11-05 23:00","2019","11","05","23:00","9.3","","9.1","","99","","32","","5","","","","101.16","","","","","","NA"
"-66.61","45.92","FREDERICTON CDA CS","8101605","2019-11-06 00:00","2019","11","06","00:00","9.0","","8.8","","99","","","","0","","","","101.05","","","","","","NA"
"-66.61","45.92","FREDERICTON CDA CS","8101605","2019-11-06 01:00","2019","11","06","01:00","9.0","","8.9","","99","","","","0","","","","100.95","","","","","","NA"
"-66.61","45.92","FREDERICTON CDA CS","8101605","2019-11-06 02:00","2019","11","06","02:00","9.2","","8.5","","95","","27","","10","","","","100.94","","","","","","NA"
"-66.61","45.92","FREDERICTON CDA CS","8101605","2019-11-06 03:00","2019","11","06","03:00","9.3","","7.9","","91","","28","","15","","","","100.94","","","","","","NA"
"-66.61","45.92","FREDERICTON CDA CS","8101605","2019-11-06 04:00","2019","11","06","04:00","8.5","","5.8","","83","","29","","14","","","","100.96","","","","","","NA"
"-66.61","45.92","FREDERICTON CDA CS","8101605","2019-11-06 05:00","2019","11","06","05:00","7.4","","2.6","","72","","29","","21","","","","101.03","","","","","","NA"
"-66.61","45.92","FREDERICTON CDA CS","8101605","2019-11-06 06:00","2019","11","06","06:00","6.3","","2.5","","77","","28","","21","","","","101.11","","","","","","NA"
"-66.61","45.92","FREDERICTON CDA CS","8101605","2019-11-06 07:00","2019","11","06","07:00","5.2","","2.7","","84","","27","","14","","","","101.16","","","","","","NA"
"-66.61","45.92","FREDERICTON CDA CS","8101605","2019-11-06 08:00","2019","11","06","08:00","5.4","","1.6","","77","","27","","22","","","","101.25","","","","","","NA"
"-66.61","45.92","FREDERICTON CDA CS","8101605","2019-11-06 09:00","2019","11","06","09:00","5.4","","-0.4","","66","","27","","20","","","","101.29","","","","","","NA"
"-66.61","45.92","FREDERICTON CDA CS","8101605","2019-11-06 10:00","2019","11","06","10:00","5.9","","-2.2","","56","","27","","25","","","","101.35","","","","","","NA"
"-66.61","45.92","FREDERICTON CDA CS","8101605","2019-11-06 11:00","2019","11","06","11:00","6.6","","-2.7","","51","","26","","26","","","","101.37","","","","","","NA"
"-66.61","45.92","FREDERICTON CDA CS","8101605","2019-11-06 12:00","2019","11","06","12:00","7.0","","-3.7","","46","","28","","26","","","","101.38","","","","","","NA"
"-66.61","45.92","FREDERICTON CDA CS","8101605","2019-11-06 13:00","2019","11","06","13:00","6.1","","-2.4","","55","","25","","20","","","","101.38","","","","","","NA"
"-66.61","45.92","FREDERICTON CDA CS","8101605","2019-11-06 14:00","2019","11","06","14:00","6.6","","-2.5","","52","","25","","21","","","","101.39","","","","","","NA"
"-66.61","45.92","FREDERICTON CDA CS","8101605","2019-11-06 15:00","2019","11","06","15:00","5.8","","-2.6","","55","","26","","28","","","","101.48","","","","","","NA"
"-66.61","45.92","FREDERICTON CDA CS","8101605","2019-11-06 16:00","2019","11","06","16:00","5.1","","-4.2","","51","","28","","25","","","","101.56","","","","","","NA"
"-66.61","45.92","FREDERICTON CDA CS","8101605","2019-11-06 17:00","2019","11","06","17:00","4.1","","-6.9","","45","","28","","23","","","","101.65","","","","","","NA"
"-66.61","45.92","FREDERICTON CDA CS","8101605","2019-11-06 18:00","2019","11","06","18:00","3.4","","-6.9","","47","","26","","15","","","","101.76","","","","","","NA"
"-66.61","45.92","FREDERICTON CDA CS","8101605","2019-11-06 19:00","2019","11","06","19:00","3.0","","-7.1","","48","","25","","21","","","","101.89","","","","","","NA"
"-66.61","45.92","FREDERICTON CDA CS","8101605","2019-11-06 20:00","2019","11","06","20:00","2.2","","-7.0","","51","","26","","17","","","","101.98","","","","","","NA"
"-66.61","45.92","FREDERICTON CDA CS","8101605","2019-11-06 21:00","2019","11","06","21:00","1.3","","-6.7","","55","","25","","14","","","","102.04","","","","","","NA"
"-66.61","45.92","FREDERICTON CDA CS","8101605","2019-11-06 22:00","2019","11","06","22:00","0.4","","-6.2","","61","","25","","10","","","","102.11","","","","","","NA"
"-66.61","45.92","FREDERICTON CDA CS","8101605","2019-11-06 23:00","2019","11","06","23:00","-0.9","","-6.4","","66","","24","","7","","","","102.07","","","","-3","","NA"
"-66.61","45.92","FREDERICTON CDA CS","8101605","2019-11-07 00:00","2019","11","07","00:00"
"-66.61","45.92","FREDERICTON CDA CS","8101605","2019-11-07 01:00","2019","11","07","01:00"
"-66.61","45.92","FREDERICTON CDA CS","8101605","2019-11-07 02:00","2019","11","07","02:00"
"-66.61","45.92","FREDERICTON CDA CS","8101605","2019-11-07 03:00","2019","11","07","03:00"
"-66.61","45.92","FREDERICTON CDA CS","8101605","2019-11-07 04:00","2019","11","07","04:00"
"-66.61","45.92","FREDERICTON CDA CS","8101605","2019-11-07 05:00","2019","11","07","05:00"
"-66.61","45.92","FREDERICTON CDA CS","8101605","2019-11-07 06:00","2019","11","07","06:00"
"-66.61","45.92","FREDERICTON CDA CS","8101605","2019-11-07 07:00","2019","11","07","07:00"
"-66.61","45.92","FREDERICTON CDA CS","8101605","2019-11-07 08:00","2019","11","07","08:00"
"-66.61","45.92","FREDERICTON CDA CS","8101605","2019-11-07 09:00","2019","11","07","09:00"
"-66.61","45.92","FREDERICTON CDA CS","8101605","2019-11-07 10:00","2019","11","07","10:00"
"-66.61","45.92","FREDERICTON CDA CS","8101605","2019-11-07 11:00","2019","11","07","11:00"
"-66.61","45.92","FREDERICTON CDA CS","8101605","2019-11-07 12:00","2019","11","07","12:00"
"-66.61","45.92","FREDERICTON CDA CS","8101605","2019-11-07 13:00","2019","11","07","13:00"
"-66.61","45.92","FREDERICTON CDA CS","8101605","2019-11-07 14:00","2019","11","07","14:00"
"-66.61","45.92","FREDERICTON CDA CS","8101605","2019-11-07 15:00","2019","11","07","15:00"
"-66.61","45.92","FREDERICTON CDA CS","8101605","2019-11-07 16:00","2019","11","07","16:00"
"-66.61","45.92","FREDERICTON CDA CS","8101605","2019-11-07 17:00","2019","11","07","17:00"
"-66.61","45.92","FREDERICTON CDA CS","8101605","2019-11-07 18:00","2019","11","07","18:00"
"-66.61","45.92","FREDERICTON CDA CS","8101605","2019-11-07 19:00","2019","11","07","19:00"
"-66.61","45.92","FREDERICTON CDA CS","8101605","2019-11-07 20:00","2019","11","07","20:00"
"-66.61","45.92","FREDERICTON CDA CS","8101605","2019-11-07 21:00","2019","11","07","21:00"
"-66.61","45.92","FREDERICTON CDA CS","8101605","2019-11-07 22:00","2019","11","07","22:00"
"-66.61","45.92","FREDERICTON CDA CS","8101605","2019-11-07 23:00","2019","11","07","23:00"
"-66.61","45.92","FREDERICTON CDA CS","8101605","2019-11-08 00:00","2019","11","08","00:00"
"-66.61","45.92","FREDERICTON CDA CS","8101605","2019-11-08 01:00","2019","11","08","01:00"
"-66.61","45.92","FREDERICTON CDA CS","8101605","2019-11-08 02:00","2019","11","08","02:00"
"-66.61","45.92","FREDERICTON CDA CS","8101605","2019-11-08 03:00","2019","11","08","03:00"
"-66.61","45.92","FREDERICTON CDA CS","8101605","2019-11-08 04:00","2019","11","08","04:00"
"-66.61","45.92","FREDERICTON CDA CS","8101605","2019-11-08 05:00","2019","11","08","05:00"
"-66.61","45.92","FREDERICTON CDA CS","8101605","2019-11-08 06:00","2019","11","08","06:00"
"-66.61","45.92","FREDERICTON CDA CS","8101605","2019-11-08 07:00","2019","11","08","07:00"
"-66.61","45.92","FREDERICTON CDA CS","8101605","2019-11-08 08:00","2019","11","08","08:00"
"-66.61","45.92","FREDERICTON CDA CS","8101605","2019-11-08 09:00","2019","11","08","09:00"
"-66.61","45.92","FREDERICTON CDA CS","8101605","2019-11-08 10:00","2019","11","08","10:00"
"-66.61","45.92","FREDERICTON CDA CS","8101605","2019-11-08 11:00","2019","11","08","11:00"
"-66.61","45.92","FREDERICTON CDA CS","8101605","2019-11-08 12:00","2019","11","08","12:00"
"-66.61","45.92","FREDERICTON CDA CS","8101605","2019-11-08 13:00","2019","11","08","13:00"
"-66.61","45.92","FREDERICTON CDA CS","8101605","2019-11-08 14:00","2019","11","08","14:00"
"-66.61","45.92","FREDERICTON CDA CS","8101605","2019-11-08 15:00","2019","11","08","15:00"
"-66.61","45.92","FREDERICTON CDA CS","8101605","2019-11-08 16:00","2019","11","08","16:00"
"-66.61","45.92","FREDERICTON CDA CS","8101605","2019-11-08 17:00","2019","11","08","17:00"
"-66.61","45.92","FREDERICTON CDA CS","8101605","2019-11-08 18:00","2019","11","08","18:00"
"-66.61","45.92","FREDERICTON CDA CS","8101605","2019-11-08 19:00","2019","11","08","19:00"
"-66.61","45.92","FREDERICTON CDA CS","8101605","2019-11-08 20:00","2019","11","08","20:00"
"-66.61","45.92","FREDERICTON CDA CS","8101605","2019-11-08 21:00","2019","11","08","21:00"
"-66.61","45.92","FREDERICTON CDA CS","8101605","2019-11-08 22:00","2019","11","08","22:00"
"-66.61","45.92","FREDERICTON CDA CS","8101605","2019-11-08 23:00","2019","11","08","23:00"
"-66.61","45.92","FREDERICTON CDA CS","8101605","2019-11-09 00:00","2019","11","09","00:00"
"-66.61","45.92","FREDERICTON CDA CS","8101605","2019-11-09 01:00","2019","11","09","01:00"
"-66.61","45.92","FREDERICTON CDA CS","8101605","2019-11-09 02:00","2019","11","09","02:00"
"-66.61","45.92","FREDERICTON CDA CS","8101605","2019-11-09 03:00","2019","11","09","03:00"
"-66.61","45.92","FREDERICTON CDA CS","8101605","2019-11-09 04:00","2019","11","09","04:00"
"-66.61","45.92","FREDERICTON CDA CS","8101605","2019-11-09 05:00","2019","11","09","05:00"
"-66.61","45.92","FREDERICTON CDA CS","8101605","2019-11-09 06:00","2019","11","09","06:00"
"-66.61","45.92","FREDERICTON CDA CS","8101605","2019-11-09 07:00","2019","11","09","07:00"
"-66.61","45.92","FREDERICTON CDA CS","8101605","2019-11-09 08:00","2019","11","09","08:00"
"-66.61","45.92","FREDERICTON CDA CS","8101605","2019-11-09 09:00","2019","11","09","09:00"
"-66.61","45.92","FREDERICTON CDA CS","8101605","2019-11-09 10:00","2019","11","09","10:00"
"-66.61","45.92","FREDERICTON CDA CS","8101605","2019-11-09 11:00","2019","11","09","11:00"
"-66.61","45.92","FREDERICTON CDA CS","8101605","2019-11-09 12:00","2019","11","09","12:00"
"-66.61","45.92","FREDERICTON CDA CS","8101605","2019-11-09 13:00","2019","11","09","13:00"
"-66.61","45.92","FREDERICTON CDA CS","8101605","2019-11-09 14:00","2019","11","09","14:00"
"-66.61","45.92","FREDERICTON CDA CS","8101605","2019-11-09 15:00","2019","11","09","15:00"
"-66.61","45.92","FREDERICTON CDA CS","8101605","2019-11-09 16:00","2019","11","09","16:00"
"-66.61","45.92","FREDERICTON CDA CS","8101605","2019-11-09 17:00","2019","11","09","17:00"
"-66.61","45.92","FREDERICTON CDA CS","8101605","2019-11-09 18:00","2019","11","09","18:00"
"-66.61","45.92","FREDERICTON CDA CS","8101605","2019-11-09 19:00","2019","11","09","19:00"
"-66.61","45.92","FREDERICTON CDA CS","8101605","2019-11-09 20:00","2019","11","09","20:00"
"-66.61","45.92","FREDERICTON CDA CS","8101605","2019-11-09 21:00","2019","11","09","21:00"
"-66.61","45.92","FREDERICTON CDA CS","8101605","2019-11-09 22:00","2019","11","09","22:00"
"-66.61","45.92","FREDERICTON CDA CS","8101605","2019-11-09 23:00","2019","11","09","23:00"
"-66.61","45.92","FREDERICTON CDA CS","8101605","2019-11-10 00:00","2019","11","10","00:00"
"-66.61","45.92","FREDERICTON CDA CS","8101605","2019-11-10 01:00","2019","11","10","01:00"
"-66.61","45.92","FREDERICTON CDA CS","8101605","2019-11-10 02:00","2019","11","10","02:00"
"-66.61","45.92","FREDERICTON CDA CS","8101605","2019-11-10 03:00","2019","11","10","03:00"
"-66.61","45.92","FREDERICTON CDA CS","8101605","2019-11-10 04:00","2019","11","10","04:00"
"-66.61","45.92","FREDERICTON CDA CS","8101605","2019-11-10 05:00","2019","11","10","05:00"
"-66.61","45.92","FREDERICTON CDA CS","8101605","2019-11-10 06:00","2019","11","10","06:00"
"-66.61","45.92","FREDERICTON CDA CS","8101605","2019-11-10 07:00","2019","11","10","07:00"
"-66.61","45.92","FREDERICTON CDA CS","8101605","2019-11-10 08:00","2019","11","10","08:00"
"-66.61","45.92","FREDERICTON CDA CS","8101605","2019-11-10 09:00","2019","11","10","09:00"
"-66.61","45.92","FREDERICTON CDA CS","8101605","2019-11-10 10:00","2019","11","10","10:00"
"-66.61","45.92","FREDERICTON CDA CS","8101605","2019-11-10 11:00","2019","11","10","11:00"
"-66.61","45.92","FREDERICTON CDA CS","8101605","2019-11-10 12:00","2019","11","10","12:00"
"-66.61","45.92","FREDERICTON CDA CS","8101605","2019-11-10 13:00","2019","11","10","13:00"
"-66.61","45.92","FREDERICTON CDA CS","8101605","2019-11-10 14:00","2019","11","10","14:00"
"-66.61","45.92","FREDERICTON CDA CS","8101605","2019-11-10 15:00","2019","11","10","15:00"
"-66.61","45.92","FREDERICTON CDA CS","8101605","2019-11-10 16:00","2019","11","10","16:00"
"-66.61","45.92","FREDERICTON CDA CS","8101605","2019-11-10 17:00","2019","11","10","17:00"
"-66.61","45.92","FREDERICTON CDA CS","8101605","2019-11-10 18:00","2019","11","10","18:00"
"-66.61","45.92","FREDERICTON CDA CS","8101605","2019-11-10 19:00","2019","11","10","19:00"
"-66.61","45.92","FREDERICTON CDA CS","8101605","2019-11-10 20:00","2019","11","10","20:00"
"-66.61","45.92","FREDERICTON CDA CS","8101605","2019-11-10 21:00","2019","11","10","21:00"
"-66.61","45.92","FREDERICTON CDA CS","8101605","2019-11-10 22:00","2019","11","10","22:00"
"-66.61","45.92","FREDERICTON CDA CS","8101605","2019-11-10 23:00","2019","11","10","23:00"
"-66.61","45.92","FREDERICTON CDA CS","8101605","2019-11-11 00:00","2019","11","11","00:00"
"-66.61","45.92","FREDERICTON CDA CS","8101605","2019-11-11 01:00","2019","11","11","01:00"
"-66.61","45.92","FREDERICTON CDA CS","8101605","2019-11-11 02:00","2019","11","11","02:00"
"-66.61","45.92","FREDERICTON CDA CS","8101605","2019-11-11 03:00","2019","11","11","03:00"
"-66.61","45.92","FREDERICTON CDA CS","8101605","2019-11-11 04:00","2019","11","11","04:00"
"-66.61","45.92","FREDERICTON CDA CS","8101605","2019-11-11 05:00","2019","11","11","05:00"
"-66.61","45.92","FREDERICTON CDA CS","8101605","2019-11-11 06:00","2019","11","11","06:00"
"-66.61","45.92","FREDERICTON CDA CS","8101605","2019-11-11 07:00","2019","11","11","07:00"
"-66.61","45.92","FREDERICTON CDA CS","8101605","2019-11-11 08:00","2019","11","11","08:00"
"-66.61","45.92","FREDERICTON CDA CS","8101605","2019-11-11 09:00","2019","11","11","09:00"
"-66.61","45.92","FREDERICTON CDA CS","8101605","2019-11-11 10:00","2019","11","11","10:00"
"-66.61","45.92","FREDERICTON CDA CS","8101605","2019-11-11 11:00","2019","11","11","11:00"
"-66.61","45.92","FREDERICTON CDA CS","8101605","2019-11-11 12:00","2019","11","11","12:00"
"-66.61","45.92","FREDERICTON CDA CS","8101605","2019-11-11 13:00","2019","11","11","13:00"
"-66.61","45.92","FREDERICTON CDA CS","8101605","2019-11-11 14:00","2019","11","11","14:00"
"-66.61","45.92","FREDERICTON CDA CS","8101605","2019-11-11 15:00","2019","11","11","15:00"
"-66.61","45.92","FREDERICTON CDA CS","8101605","2019-11-11 16:00","2019","11","11","16:00"
"-66.61","45.92","FREDERICTON CDA CS","8101605","2019-11-11 17:00","2019","11","11","17:00"
"-66.61","45.92","FREDERICTON CDA CS","8101605","2019-11-11 18:00","2019","11","11","18:00"
"-66.61","45.92","FREDERICTON CDA CS","8101605","2019-11-11 19:00","2019","11","11","19:00"
"-66.61","45.92","FREDERICTON CDA CS","8101605","2019-11-11 20:00","2019","11","11","20:00"
"-66.61","45.92","FREDERICTON CDA CS","8101605","2019-11-11 21:00","2019","11","11","21:00"
"-66.61","45.92","FREDERICTON CDA CS","8101605","2019-11-11 22:00","2019","11","11","22:00"
"-66.61","45.92","FREDERICTON CDA CS","8101605","2019-11-11 23:00","2019","11","11","23:00"
"-66.61","45.92","FREDERICTON CDA CS","8101605","2019-11-12 00:00","2019","11","12","00:00"
"-66.61","45.92","FREDERICTON CDA CS","8101605","2019-11-12 01:00","2019","11","12","01:00"
"-66.61","45.92","FREDERICTON CDA CS","8101605","2019-11-12 02:00","2019","11","12","02:00"
"-66.61","45.92","FREDERICTON CDA CS","8101605","2019-11-12 03:00","2019","11","12","03:00"
"-66.61","45.92","FREDERICTON CDA CS","8101605","2019-11-12 04:00","2019","11","12","04:00"
"-66.61","45.92","FREDERICTON CDA CS","8101605","2019-11-12 05:00","2019","11","12","05:00"
"-66.61","45.92","FREDERICTON CDA CS","8101605","2019-11-12 06:00","2019","11","12","06:00"
"-66.61","45.92","FREDERICTON CDA CS","8101605","2019-11-12 07:00","2019","11","12","07:00"
"-66.61","45.92","FREDERICTON CDA CS","8101605","2019-11-12 08:00","2019","11","12","08:00"
"-66.61","45.92","FREDERICTON CDA CS","8101605","2019-11-12 09:00","2019","11","12","09:00"
"-66.61","45.92","FREDERICTON CDA CS","8101605","2019-11-12 10:00","2019","11","12","10:00"
"-66.61","45.92","FREDERICTON CDA CS","8101605","2019-11-12 11:00","2019","11","12","11:00"
"-66.61","45.92","FREDERICTON CDA CS","8101605","2019-11-12 12:00","2019","11","12","12:00"
"-66.61","45.92","FREDERICTON CDA CS","8101605","2019-11-12 13:00","2019","11","12","13:00"
"-66.61","45.92","FREDERICTON CDA CS","8101605","2019-11-12 14:00","2019","11","12","14:00"
"-66.61","45.92","FREDERICTON CDA CS","8101605","2019-11-12 15:00","2019","11","12","15:00"
"-66.61","45.92","FREDERICTON CDA CS","8101605","2019-11-12 16:00","2019","11","12","16:00"
"-66.61","45.92","FREDERICTON CDA CS","8101605","2019-11-12 17:00","2019","11","12","17:00"
"-66.61","45.92","FREDERICTON CDA CS","8101605","2019-11-12 18:00","2019","11","12","18:00"
"-66.61","45.92","FREDERICTON CDA CS","8101605","2019-11-12 19:00","2019","11","12","19:00"
"-66.61","45.92","FREDERICTON CDA CS","8101605","2019-11-12 20:00","2019","11","12","20:00"
"-66.61","45.92","FREDERICTON CDA CS","8101605","2019-11-12 21:00","2019","11","12","21:00"
"-66.61","45.92","FREDERICTON CDA CS","8101605","2019-11-12 22:00","2019","11","12","22:00"
"-66.61","45.92","FREDERICTON CDA CS","8101605","2019-11-12 23:00","2019","11","12","23:00"
"-66.61","45.92","FREDERICTON CDA CS","8101605","2019-11-13 00:00","2019","11","13","00:00"
"-66.61","45.92","FREDERICTON CDA CS","8101605","2019-11-13 01:00","2019","11","13","01:00"
"-66.61","45.92","FREDERICTON CDA CS","8101605","2019-11-13 02:00","2019","11","13","02:00"
"-66.61","45.92","FREDERICTON CDA CS","8101605","2019-11-13 03:00","2019","11","13","03:00"
"-66.61","45.92","FREDERICTON CDA CS","8101605","2019-11-13 04:00","2019","11","13","04:00"
"-66.61","45.92","FREDERICTON CDA CS","8101605","2019-11-13 05:00","2019","11","13","05:00"
"-66.61","45.92","FREDERICTON CDA CS","8101605","2019-11-13 06:00","2019","11","13","06:00"
"-66.61","45.92","FREDERICTON CDA CS","8101605","2019-11-13 07:00","2019","11","13","07:00"
"-66.61","45.92","FREDERICTON CDA CS","8101605","2019-11-13 08:00","2019","11","13","08:00"
"-66.61","45.92","FREDERICTON CDA CS","8101605","2019-11-13 09:00","2019","11","13","09:00"
"-66.61","45.92","FREDERICTON CDA CS","8101605","2019-11-13 10:00","2019","11","13","10:00"
"-66.61","45.92","FREDERICTON CDA CS","8101605","2019-11-13 11:00","2019","11","13","11:00"
"-66.61","45.92","FREDERICTON CDA CS","8101605","2019-11-13 12:00","2019","11","13","12:00"
"-66.61","45.92","FREDERICTON CDA CS","8101605","2019-11-13 13:00","2019","11","13","13:00"
"-66.61","45.92","FREDERICTON CDA CS","8101605","2019-11-13 14:00","2019","11","13","14:00"
"-66.61","45.92","FREDERICTON CDA CS","8101605","2019-11-13 15:00","2019","11","13","15:00"
"-66.61","45.92","FREDERICTON CDA CS","8101605","2019-11-13 16:00","2019","11","13","16:00"
"-66.61","45.92","FREDERICTON CDA CS","8101605","2019-11-13 17:00","2019","11","13","17:00"
"-66.61","45.92","FREDERICTON CDA CS","8101605","2019-11-13 18:00","2019","11","13","18:00"
"-66.61","45.92","FREDERICTON CDA CS","8101605","2019-11-13 19:00","2019","11","13","19:00"
"-66.61","45.92","FREDERICTON CDA CS","8101605","2019-11-13 20:00","2019","11","13","20:00"
"-66.61","45.92","FREDERICTON CDA CS","8101605","2019-11-13 21:00","2019","11","13","21:00"
"-66.61","45.92","FREDERICTON CDA CS","8101605","2019-11-13 22:00","2019","11","13","22:00"
"-66.61","45.92","FREDERICTON CDA CS","8101605","2019-11-13 23:00","2019","11","13","23:00"
"-66.61","45.92","FREDERICTON CDA CS","8101605","2019-11-14 00:00","2019","11","14","00:00"
"-66.61","45.92","FREDERICTON CDA CS","8101605","2019-11-14 01:00","2019","11","14","01:00"
"-66.61","45.92","FREDERICTON CDA CS","8101605","2019-11-14 02:00","2019","11","14","02:00"
"-66.61","45.92","FREDERICTON CDA CS","8101605","2019-11-14 03:00","2019","11","14","03:00"
"-66.61","45.92","FREDERICTON CDA CS","8101605","2019-11-14 04:00","2019","11","14","04:00"
"-66.61","45.92","FREDERICTON CDA CS","8101605","2019-11-14 05:00","2019","11","14","05:00"
"-66.61","45.92","FREDERICTON CDA CS","8101605","2019-11-14 06:00","2019","11","14","06:00"
"-66.61","45.92","FREDERICTON CDA CS","8101605","2019-11-14 07:00","2019","11","14","07:00"
"-66.61","45.92","FREDERICTON CDA CS","8101605","2019-11-14 08:00","2019","11","14","08:00"
"-66.61","45.92","FREDERICTON CDA CS","8101605","2019-11-14 09:00","2019","11","14","09:00"
"-66.61","45.92","FREDERICTON CDA CS","8101605","2019-11-14 10:00","2019","11","14","10:00"
"-66.61","45.92","FREDERICTON CDA CS","8101605","2019-11-14 11:00","2019","11","14","11:00"
"-66.61","45.92","FREDERICTON CDA CS","8101605","2019-11-14 12:00","2019","11","14","12:00"
"-66.61","45.92","FREDERICTON CDA CS","8101605","2019-11-14 13:00","2019","11","14","13:00"
"-66.61","45.92","FREDERICTON CDA CS","8101605","2019-11-14 14:00","2019","11","14","14:00"
"-66.61","45.92","FREDERICTON CDA CS","8101605","2019-11-14 15:00","2019","11","14","15:00"
"-66.61","45.92","FREDERICTON CDA CS","8101605","2019-11-14 16:00","2019","11","14","16:00"
"-66.61","45.92","FREDERICTON CDA CS","8101605","2019-11-14 17:00","2019","11","14","17:00"
"-66.61","45.92","FREDERICTON CDA CS","8101605","2019-11-14 18:00","2019","11","14","18:00"
"-66.61","45.92","FREDERICTON CDA CS","8101605","2019-11-14 19:00","2019","11","14","19:00"
"-66.61","45.92","FREDERICTON CDA CS","8101605","2019-11-14 20:00","2019","11","14","20:00"
"-66.61","45.92","FREDERICTON CDA CS","8101605","2019-11-14 21:00","2019","11","14","21:00"
"-66.61","45.92","FREDERICTON CDA CS","8101605","2019-11-14 22:00","2019","11","14","22:00"
"-66.61","45.92","FREDERICTON CDA CS","8101605","2019-11-14 23:00","2019","11","14","23:00"
"-66.61","45.92","FREDERICTON CDA CS","8101605","2019-11-15 00:00","2019","11","15","00:00"
"-66.61","45.92","FREDERICTON CDA CS","8101605","2019-11-15 01:00","2019","11","15","01:00"
"-66.61","45.92","FREDERICTON CDA CS","8101605","2019-11-15 02:00","2019","11","15","02:00"
"-66.61","45.92","FREDERICTON CDA CS","8101605","2019-11-15 03:00","2019","11","15","03:00"
"-66.61","45.92","FREDERICTON CDA CS","8101605","2019-11-15 04:00","2019","11","15","04:00"
"-66.61","45.92","FREDERICTON CDA CS","8101605","2019-11-15 05:00","2019","11","15","05:00"
"-66.61","45.92","FREDERICTON CDA CS","8101605","2019-11-15 06:00","2019","11","15","06:00"
"-66.61","45.92","FREDERICTON CDA CS","8101605","2019-11-15 07:00","2019","11","15","07:00"
"-66.61","45.92","FREDERICTON CDA CS","8101605","2019-11-15 08:00","2019","11","15","08:00"
"-66.61","45.92","FREDERICTON CDA CS","8101605","2019-11-15 09:00","2019","11","15","09:00"
"-66.61","45.92","FREDERICTON CDA CS","8101605","2019-11-15 10:00","2019","11","15","10:00"
"-66.61","45.92","FREDERICTON CDA CS","8101605","2019-11-15 11:00","2019","11","15","11:00"
"-66.61","45.92","FREDERICTON CDA CS","8101605","2019-11-15 12:00","2019","11","15","12:00"
"-66.61","45.92","FREDERICTON CDA CS","8101605","2019-11-15 13:00","2019","11","15","13:00"
"-66.61","45.92","FREDERICTON CDA CS","8101605","2019-11-15 14:00","2019","11","15","14:00"
"-66.61","45.92","FREDERICTON CDA CS","8101605","2019-11-15 15:00","2019","11","15","15:00"
"-66.61","45.92","FREDERICTON CDA CS","8101605","2019-11-15 16:00","2019","11","15","16:00"
"-66.61","45.92","FREDERICTON CDA CS","8101605","2019-11-15 17:00","2019","11","15","17:00"
"-66.61","45.92","FREDERICTON CDA CS","8101605","2019-11-15 18:00","2019","11","15","18:00"
"-66.61","45.92","FREDERICTON CDA CS","8101605","2019-11-15 19:00","2019","11","15","19:00"
"-66.61","45.92","FREDERICTON CDA CS","8101605","2019-11-15 20:00","2019","11","15","20:00"
"-66.61","45.92","FREDERICTON CDA CS","8101605","2019-11-15 21:00","2019","11","15","21:00"
"-66.61","45.92","FREDERICTON CDA CS","8101605","2019-11-15 22:00","2019","11","15","22:00"
"-66.61","45.92","FREDERICTON CDA CS","8101605","2019-11-15 23:00","2019","11","15","23:00"
"-66.61","45.92","FREDERICTON CDA CS","8101605","2019-11-16 00:00","2019","11","16","00:00"
"-66.61","45.92","FREDERICTON CDA CS","8101605","2019-11-16 01:00","2019","11","16","01:00"
"-66.61","45.92","FREDERICTON CDA CS","8101605","2019-11-16 02:00","2019","11","16","02:00"
"-66.61","45.92","FREDERICTON CDA CS","8101605","2019-11-16 03:00","2019","11","16","03:00"
"-66.61","45.92","FREDERICTON CDA CS","8101605","2019-11-16 04:00","2019","11","16","04:00"
"-66.61","45.92","FREDERICTON CDA CS","8101605","2019-11-16 05:00","2019","11","16","05:00"
"-66.61","45.92","FREDERICTON CDA CS","8101605","2019-11-16 06:00","2019","11","16","06:00"
"-66.61","45.92","FREDERICTON CDA CS","8101605","2019-11-16 07:00","2019","11","16","07:00"
"-66.61","45.92","FREDERICTON CDA CS","8101605","2019-11-16 08:00","2019","11","16","08:00"
"-66.61","45.92","FREDERICTON CDA CS","8101605","2019-11-16 09:00","2019","11","16","09:00"
"-66.61","45.92","FREDERICTON CDA CS","8101605","2019-11-16 10:00","2019","11","16","10:00"
"-66.61","45.92","FREDERICTON CDA CS","8101605","2019-11-16 11:00","2019","11","16","11:00"
"-66.61","45.92","FREDERICTON CDA CS","8101605","2019-11-16 12:00","2019","11","16","12:00"
"-66.61","45.92","FREDERICTON CDA CS","8101605","2019-11-16 13:00","2019","11","16","13:00"
"-66.61","45.92","FREDERICTON CDA CS","8101605","2019-11-16 14:00","2019","11","16","14:00"
"-66.61","45.92","FREDERICTON CDA CS","8101605","2019-11-16 15:00","2019","11","16","15:00"
"-66.61","45.92","FREDERICTON CDA CS","8101605","2019-11-16 16:00","2019","11","16","16:00"
"-66.61","45.92","FREDERICTON CDA CS","8101605","2019-11-16 17:00","2019","11","16","17:00"
"-66.61","45.92","FREDERICTON CDA CS","8101605","2019-11-16 18:00","2019","11","16","18:00"
"-66.61","45.92","FREDERICTON CDA CS","8101605","2019-11-16 19:00","2019","11","16","19:00"
"-66.61","45.92","FREDERICTON CDA CS","8101605","2019-11-16 20:00","2019","11","16","20:00"
"-66.61","45.92","FREDERICTON CDA CS","8101605","2019-11-16 21:00","2019","11","16","21:00"
"-66.61","45.92","FREDERICTON CDA CS","8101605","2019-11-16 22:00","2019","11","16","22:00"
"-66.61","45.92","FREDERICTON CDA CS","8101605","2019-11-16 23:00","2019","11","16","23:00"
"-66.61","45.92","FREDERICTON CDA CS","8101605","2019-11-17 00:00","2019","11","17","00:00"
"-66.61","45.92","FREDERICTON CDA CS","8101605","2019-11-17 01:00","2019","11","17","01:00"
"-66.61","45.92","FREDERICTON CDA CS","8101605","2019-11-17 02:00","2019","11","17","02:00"
"-66.61","45.92","FREDERICTON CDA CS","8101605","2019-11-17 03:00","2019","11","17","03:00"
"-66.61","45.92","FREDERICTON CDA CS","8101605","2019-11-17 04:00","2019","11","17","04:00"
"-66.61","45.92","FREDERICTON CDA CS","8101605","2019-11-17 05:00","2019","11","17","05:00"
"-66.61","45.92","FREDERICTON CDA CS","8101605","2019-11-17 06:00","2019","11","17","06:00"
"-66.61","45.92","FREDERICTON CDA CS","8101605","2019-11-17 07:00","2019","11","17","07:00"
"-66.61","45.92","FREDERICTON CDA CS","8101605","2019-11-17 08:00","2019","11","17","08:00"
"-66.61","45.92","FREDERICTON CDA CS","8101605","2019-11-17 09:00","2019","11","17","09:00"
"-66.61","45.92","FREDERICTON CDA CS","8101605","2019-11-17 10:00","2019","11","17","10:00"
"-66.61","45.92","FREDERICTON CDA CS","8101605","2019-11-17 11:00","2019","11","17","11:00"
"-66.61","45.92","FREDERICTON CDA CS","8101605","2019-11-17 12:00","2019","11","17","12:00"
"-66.61","45.92","FREDERICTON CDA CS","8101605","2019-11-17 13:00","2019","11","17","13:00"
"-66.61","45.92","FREDERICTON CDA CS","8101605","2019-11-17 14:00","2019","11","17","14:00"
"-66.61","45.92","FREDERICTON CDA CS","8101605","2019-11-17 15:00","2019","11","17","15:00"
"-66.61","45.92","FREDERICTON CDA CS","8101605","2019-11-17 16:00","2019","11","17","16:00"
"-66.61","45.92","FREDERICTON CDA CS","8101605","2019-11-17 17:00","2019","11","17","17:00"
"-66.61","45.92","FREDERICTON CDA CS","8101605","2019-11-17 18:00","2019","11","17","18:00"
"-66.61","45.92","FREDERICTON CDA CS","8101605","2019-11-17 19:00","2019","11","17","19:00"
"-66.61","45.92","FREDERICTON CDA CS","8101605","2019-11-17 20:00","2019","11","17","20:00"
"-66.61","45.92","FREDERICTON CDA CS","8101605","2019-11-17 21:00","2019","11","17","21:00"
"-66.61","45.92","FREDERICTON CDA CS","8101605","2019-11-17 22:00","2019","11","17","22:00"
"-66.61","45.92","FREDERICTON CDA CS","8101605","2019-11-17 23:00","2019","11","17","23:00"
"-66.61","45.92","FREDERICTON CDA CS","8101605","2019-11-18 00:00","2019","11","18","00:00"
"-66.61","45.92","FREDERICTON CDA CS","8101605","2019-11-18 01:00","2019","11","18","01:00"
"-66.61","45.92","FREDERICTON CDA CS","8101605","2019-11-18 02:00","2019","11","18","02:00"
"-66.61","45.92","FREDERICTON CDA CS","8101605","2019-11-18 03:00","2019","11","18","03:00"
"-66.61","45.92","FREDERICTON CDA CS","8101605","2019-11-18 04:00","2019","11","18","04:00"
"-66.61","45.92","FREDERICTON CDA CS","8101605","2019-11-18 05:00","2019","11","18","05:00"
"-66.61","45.92","FREDERICTON CDA CS","8101605","2019-11-18 06:00","2019","11","18","06:00"
"-66.61","45.92","FREDERICTON CDA CS","8101605","2019-11-18 07:00","2019","11","18","07:00"
"-66.61","45.92","FREDERICTON CDA CS","8101605","2019-11-18 08:00","2019","11","18","08:00"
"-66.61","45.92","FREDERICTON CDA CS","8101605","2019-11-18 09:00","2019","11","18","09:00"
"-66.61","45.92","FREDERICTON CDA CS","8101605","2019-11-18 10:00","2019","11","18","10:00"
"-66.61","45.92","FREDERICTON CDA CS","8101605","2019-11-18 11:00","2019","11","18","11:00"
"-66.61","45.92","FREDERICTON CDA CS","8101605","2019-11-18 12:00","2019","11","18","12:00"
"-66.61","45.92","FREDERICTON CDA CS","8101605","2019-11-18 13:00","2019","11","18","13:00"
"-66.61","45.92","FREDERICTON CDA CS","8101605","2019-11-18 14:00","2019","11","18","14:00"
"-66.61","45.92","FREDERICTON CDA CS","8101605","2019-11-18 15:00","2019","11","18","15:00"
"-66.61","45.92","FREDERICTON CDA CS","8101605","2019-11-18 16:00","2019","11","18","16:00"
"-66.61","45.92","FREDERICTON CDA CS","8101605","2019-11-18 17:00","2019","11","18","17:00"
"-66.61","45.92","FREDERICTON CDA CS","8101605","2019-11-18 18:00","2019","11","18","18:00"
"-66.61","45.92","FREDERICTON CDA CS","8101605","2019-11-18 19:00","2019","11","18","19:00"
"-66.61","45.92","FREDERICTON CDA CS","8101605","2019-11-18 20:00","2019","11","18","20:00"
"-66.61","45.92","FREDERICTON CDA CS","8101605","2019-11-18 21:00","2019","11","18","21:00"
"-66.61","45.92","FREDERICTON CDA CS","8101605","2019-11-18 22:00","2019","11","18","22:00"
"-66.61","45.92","FREDERICTON CDA CS","8101605","2019-11-18 23:00","2019","11","18","23:00"
"-66.61","45.92","FREDERICTON CDA CS","8101605","2019-11-19 00:00","2019","11","19","00:00"
"-66.61","45.92","FREDERICTON CDA CS","8101605","2019-11-19 01:00","2019","11","19","01:00"
"-66.61","45.92","FREDERICTON CDA CS","8101605","2019-11-19 02:00","2019","11","19","02:00"
"-66.61","45.92","FREDERICTON CDA CS","8101605","2019-11-19 03:00","2019","11","19","03:00"
"-66.61","45.92","FREDERICTON CDA CS","8101605","2019-11-19 04:00","2019","11","19","04:00"
"-66.61","45.92","FREDERICTON CDA CS","8101605","2019-11-19 05:00","2019","11","19","05:00"
"-66.61","45.92","FREDERICTON CDA CS","8101605","2019-11-19 06:00","2019","11","19","06:00"
"-66.61","45.92","FREDERICTON CDA CS","8101605","2019-11-19 07:00","2019","11","19","07:00"
"-66.61","45.92","FREDERICTON CDA CS","8101605","2019-11-19 08:00","2019","11","19","08:00"
"-66.61","45.92","FREDERICTON CDA CS","8101605","2019-11-19 09:00","2019","11","19","09:00"
"-66.61","45.92","FREDERICTON CDA CS","8101605","2019-11-19 10:00","2019","11","19","10:00"
"-66.61","45.92","FREDERICTON CDA CS","8101605","2019-11-19 11:00","2019","11","19","11:00"
"-66.61","45.92","FREDERICTON CDA CS","8101605","2019-11-19 12:00","2019","11","19","12:00"
"-66.61","45.92","FREDERICTON CDA CS","8101605","2019-11-19 13:00","2019","11","19","13:00"
"-66.61","45.92","FREDERICTON CDA CS","8101605","2019-11-19 14:00","2019","11","19","14:00"
"-66.61","45.92","FREDERICTON CDA CS","8101605","2019-11-19 15:00","2019","11","19","15:00"
"-66.61","45.92","FREDERICTON CDA CS","8101605","2019-11-19 16:00","2019","11","19","16:00"
"-66.61","45.92","FREDERICTON CDA CS","8101605","2019-11-19 17:00","2019","11","19","17:00"
"-66.61","45.92","FREDERICTON CDA CS","8101605","2019-11-19 18:00","2019","11","19","18:00"
"-66.61","45.92","FREDERICTON CDA CS","8101605","2019-11-19 19:00","2019","11","19","19:00"
"-66.61","45.92","FREDERICTON CDA CS","8101605","2019-11-19 20:00","2019","11","19","20:00"
"-66.61","45.92","FREDERICTON CDA CS","8101605","2019-11-19 21:00","2019","11","19","21:00"
"-66.61","45.92","FREDERICTON CDA CS","8101605","2019-11-19 22:00","2019","11","19","22:00"
"-66.61","45.92","FREDERICTON CDA CS","8101605","2019-11-19 23:00","2019","11","19","23:00"
"-66.61","45.92","FREDERICTON CDA CS","8101605","2019-11-20 00:00","2019","11","20","00:00"
"-66.61","45.92","FREDERICTON CDA CS","8101605","2019-11-20 01:00","2019","11","20","01:00"
"-66.61","45.92","FREDERICTON CDA CS","8101605","2019-11-20 02:00","2019","11","20","02:00"
"-66.61","45.92","FREDERICTON CDA CS","8101605","2019-11-20 03:00","2019","11","20","03:00"
"-66.61","45.92","FREDERICTON CDA CS","8101605","2019-11-20 04:00","2019","11","20","04:00"
"-66.61","45.92","FREDERICTON CDA CS","8101605","2019-11-20 05:00","2019","11","20","05:00"
"-66.61","45.92","FREDERICTON CDA CS","8101605","2019-11-20 06:00","2019","11","20","06:00"
"-66.61","45.92","FREDERICTON CDA CS","8101605","2019-11-20 07:00","2019","11","20","07:00"
"-66.61","45.92","FREDERICTON CDA CS","8101605","2019-11-20 08:00","2019","11","20","08:00"
"-66.61","45.92","FREDERICTON CDA CS","8101605","2019-11-20 09:00","2019","11","20","09:00"
"-66.61","45.92","FREDERICTON CDA CS","8101605","2019-11-20 10:00","2019","11","20","10:00"
"-66.61","45.92","FREDERICTON CDA CS","8101605","2019-11-20 11:00","2019","11","20","11:00"
"-66.61","45.92","FREDERICTON CDA CS","8101605","2019-11-20 12:00","2019","11","20","12:00"
"-66.61","45.92","FREDERICTON CDA CS","8101605","2019-11-20 13:00","2019","11","20","13:00"
"-66.61","45.92","FREDERICTON CDA CS","8101605","2019-11-20 14:00","2019","11","20","14:00"
"-66.61","45.92","FREDERICTON CDA CS","8101605","2019-11-20 15:00","2019","11","20","15:00"
"-66.61","45.92","FREDERICTON CDA CS","8101605","2019-11-20 16:00","2019","11","20","16:00"
"-66.61","45.92","FREDERICTON CDA CS","8101605","2019-11-20 17:00","2019","11","20","17:00"
"-66.61","45.92","FREDERICTON CDA CS","8101605","2019-11-20 18:00","2019","11","20","18:00"
"-66.61","45.92","FREDERICTON CDA CS","8101605","2019-11-20 19:00","2019","11","20","19:00"
"-66.61","45.92","FREDERICTON CDA CS","8101605","2019-11-20 20:00","2019","11","20","20:00"
"-66.61","45.92","FREDERICTON CDA CS","8101605","2019-11-20 21:00","2019","11","20","21:00"
"-66.61","45.92","FREDERICTON CDA CS","8101605","2019-11-20 22:00","2019","11","20","22:00"
"-66.61","45.92","FREDERICTON CDA CS","8101605","2019-11-20 23:00","2019","11","20","23:00"
"-66.61","45.92","FREDERICTON CDA CS","8101605","2019-11-21 00:00","2019","11","21","00:00"
"-66.61","45.92","FREDERICTON CDA CS","8101605","2019-11-21 01:00","2019","11","21","01:00"
"-66.61","45.92","FREDERICTON CDA CS","8101605","2019-11-21 02:00","2019","11","21","02:00"
"-66.61","45.92","FREDERICTON CDA CS","8101605","2019-11-21 03:00","2019","11","21","03:00"
"-66.61","45.92","FREDERICTON CDA CS","8101605","2019-11-21 04:00","2019","11","21","04:00"
"-66.61","45.92","FREDERICTON CDA CS","8101605","2019-11-21 05:00","2019","11","21","05:00"
"-66.61","45.92","FREDERICTON CDA CS","8101605","2019-11-21 06:00","2019","11","21","06:00"
"-66.61","45.92","FREDERICTON CDA CS","8101605","2019-11-21 07:00","2019","11","21","07:00"
"-66.61","45.92","FREDERICTON CDA CS","8101605","2019-11-21 08:00","2019","11","21","08:00"
"-66.61","45.92","FREDERICTON CDA CS","8101605","2019-11-21 09:00","2019","11","21","09:00"
"-66.61","45.92","FREDERICTON CDA CS","8101605","2019-11-21 10:00","2019","11","21","10:00"
"-66.61","45.92","FREDERICTON CDA CS","8101605","2019-11-21 11:00","2019","11","21","11:00"
"-66.61","45.92","FREDERICTON CDA CS","8101605","2019-11-21 12:00","2019","11","21","12:00"
"-66.61","45.92","FREDERICTON CDA CS","8101605","2019-11-21 13:00","2019","11","21","13:00"
"-66.61","45.92","FREDERICTON CDA CS","8101605","2019-11-21 14:00","2019","11","21","14:00"
"-66.61","45.92","FREDERICTON CDA CS","8101605","2019-11-21 15:00","2019","11","21","15:00"
"-66.61","45.92","FREDERICTON CDA CS","8101605","2019-11-21 16:00","2019","11","21","16:00"
"-66.61","45.92","FREDERICTON CDA CS","8101605","2019-11-21 17:00","2019","11","21","17:00"
"-66.61","45.92","FREDERICTON CDA CS","8101605","2019-11-21 18:00","2019","11","21","18:00"
"-66.61","45.92","FREDERICTON CDA CS","8101605","2019-11-21 19:00","2019","11","21","19:00"
"-66.61","45.92","FREDERICTON CDA CS","8101605","2019-11-21 20:00","2019","11","21","20:00"
"-66.61","45.92","FREDERICTON CDA CS","8101605","2019-11-21 21:00","2019","11","21","21:00"
"-66.61","45.92","FREDERICTON CDA CS","8101605","2019-11-21 22:00","2019","11","21","22:00"
"-66.61","45.92","FREDERICTON CDA CS","8101605","2019-11-21 23:00","2019","11","21","23:00"
"-66.61","45.92","FREDERICTON CDA CS","8101605","2019-11-22 00:00","2019","11","22","00:00"
"-66.61","45.92","FREDERICTON CDA CS","8101605","2019-11-22 01:00","2019","11","22","01:00"
"-66.61","45.92","FREDERICTON CDA CS","8101605","2019-11-22 02:00","2019","11","22","02:00"
"-66.61","45.92","FREDERICTON CDA CS","8101605","2019-11-22 03:00","2019","11","22","03:00"
"-66.61","45.92","FREDERICTON CDA CS","8101605","2019-11-22 04:00","2019","11","22","04:00"
"-66.61","45.92","FREDERICTON CDA CS","8101605","2019-11-22 05:00","2019","11","22","05:00"
"-66.61","45.92","FREDERICTON CDA CS","8101605","2019-11-22 06:00","2019","11","22","06:00"
"-66.61","45.92","FREDERICTON CDA CS","8101605","2019-11-22 07:00","2019","11","22","07:00"
"-66.61","45.92","FREDERICTON CDA CS","8101605","2019-11-22 08:00","2019","11","22","08:00"
"-66.61","45.92","FREDERICTON CDA CS","8101605","2019-11-22 09:00","2019","11","22","09:00"
"-66.61","45.92","FREDERICTON CDA CS","8101605","2019-11-22 10:00","2019","11","22","10:00"
"-66.61","45.92","FREDERICTON CDA CS","8101605","2019-11-22 11:00","2019","11","22","11:00"
"-66.61","45.92","FREDERICTON CDA CS","8101605","2019-11-22 12:00","2019","11","22","12:00"
"-66.61","45.92","FREDERICTON CDA CS","8101605","2019-11-22 13:00","2019","11","22","13:00"
"-66.61","45.92","FREDERICTON CDA CS","8101605","2019-11-22 14:00","2019","11","22","14:00"
"-66.61","45.92","FREDERICTON CDA CS","8101605","2019-11-22 15:00","2019","11","22","15:00"
"-66.61","45.92","FREDERICTON CDA CS","8101605","2019-11-22 16:00","2019","11","22","16:00"
"-66.61","45.92","FREDERICTON CDA CS","8101605","2019-11-22 17:00","2019","11","22","17:00"
"-66.61","45.92","FREDERICTON CDA CS","8101605","2019-11-22 18:00","2019","11","22","18:00"
"-66.61","45.92","FREDERICTON CDA CS","8101605","2019-11-22 19:00","2019","11","22","19:00"
"-66.61","45.92","FREDERICTON CDA CS","8101605","2019-11-22 20:00","2019","11","22","20:00"
"-66.61","45.92","FREDERICTON CDA CS","8101605","2019-11-22 21:00","2019","11","22","21:00"
"-66.61","45.92","FREDERICTON CDA CS","8101605","2019-11-22 22:00","2019","11","22","22:00"
"-66.61","45.92","FREDERICTON CDA CS","8101605","2019-11-22 23:00","2019","11","22","23:00"
"-66.61","45.92","FREDERICTON CDA CS","8101605","2019-11-23 00:00","2019","11","23","00:00"
"-66.61","45.92","FREDERICTON CDA CS","8101605","2019-11-23 01:00","2019","11","23","01:00"
"-66.61","45.92","FREDERICTON CDA CS","8101605","2019-11-23 02:00","2019","11","23","02:00"
"-66.61","45.92","FREDERICTON CDA CS","8101605","2019-11-23 03:00","2019","11","23","03:00"
"-66.61","45.92","FREDERICTON CDA CS","8101605","2019-11-23 04:00","2019","11","23","04:00"
"-66.61","45.92","FREDERICTON CDA CS","8101605","2019-11-23 05:00","2019","11","23","05:00"
"-66.61","45.92","FREDERICTON CDA CS","8101605","2019-11-23 06:00","2019","11","23","06:00"
"-66.61","45.92","FREDERICTON CDA CS","8101605","2019-11-23 07:00","2019","11","23","07:00"
"-66.61","45.92","FREDERICTON CDA CS","8101605","2019-11-23 08:00","2019","11","23","08:00"
"-66.61","45.92","FREDERICTON CDA CS","8101605","2019-11-23 09:00","2019","11","23","09:00"
"-66.61","45.92","FREDERICTON CDA CS","8101605","2019-11-23 10:00","2019","11","23","10:00"
"-66.61","45.92","FREDERICTON CDA CS","8101605","2019-11-23 11:00","2019","11","23","11:00"
"-66.61","45.92","FREDERICTON CDA CS","8101605","2019-11-23 12:00","2019","11","23","12:00"
"-66.61","45.92","FREDERICTON CDA CS","8101605","2019-11-23 13:00","2019","11","23","13:00"
"-66.61","45.92","FREDERICTON CDA CS","8101605","2019-11-23 14:00","2019","11","23","14:00"
"-66.61","45.92","FREDERICTON CDA CS","8101605","2019-11-23 15:00","2019","11","23","15:00"
"-66.61","45.92","FREDERICTON CDA CS","8101605","2019-11-23 16:00","2019","11","23","16:00"
"-66.61","45.92","FREDERICTON CDA CS","8101605","2019-11-23 17:00","2019","11","23","17:00"
"-66.61","45.92","FREDERICTON CDA CS","8101605","2019-11-23 18:00","2019","11","23","18:00"
"-66.61","45.92","FREDERICTON CDA CS","8101605","2019-11-23 19:00","2019","11","23","19:00"
"-66.61","45.92","FREDERICTON CDA CS","8101605","2019-11-23 20:00","2019","11","23","20:00"
"-66.61","45.92","FREDERICTON CDA CS","8101605","2019-11-23 21:00","2019","11","23","21:00"
"-66.61","45.92","FREDERICTON CDA CS","8101605","2019-11-23 22:00","2019","11","23","22:00"
"-66.61","45.92","FREDERICTON CDA CS","8101605","2019-11-23 23:00","2019","11","23","23:00"
"-66.61","45.92","FREDERICTON CDA CS","8101605","2019-11-24 00:00","2019","11","24","00:00"
"-66.61","45.92","FREDERICTON CDA CS","8101605","2019-11-24 01:00","2019","11","24","01:00"
"-66.61","45.92","FREDERICTON CDA CS","8101605","2019-11-24 02:00","2019","11","24","02:00"
"-66.61","45.92","FREDERICTON CDA CS","8101605","2019-11-24 03:00","2019","11","24","03:00"
"-66.61","45.92","FREDERICTON CDA CS","8101605","2019-11-24 04:00","2019","11","24","04:00"
"-66.61","45.92","FREDERICTON CDA CS","8101605","2019-11-24 05:00","2019","11","24","05:00"
"-66.61","45.92","FREDERICTON CDA CS","8101605","2019-11-24 06:00","2019","11","24","06:00"
"-66.61","45.92","FREDERICTON CDA CS","8101605","2019-11-24 07:00","2019","11","24","07:00"
"-66.61","45.92","FREDERICTON CDA CS","8101605","2019-11-24 08:00","2019","11","24","08:00"
"-66.61","45.92","FREDERICTON CDA CS","8101605","2019-11-24 09:00","2019","11","24","09:00"
"-66.61","45.92","FREDERICTON CDA CS","8101605","2019-11-24 10:00","2019","11","24","10:00"
"-66.61","45.92","FREDERICTON CDA CS","8101605","2019-11-24 11:00","2019","11","24","11:00"
"-66.61","45.92","FREDERICTON CDA CS","8101605","2019-11-24 12:00","2019","11","24","12:00"
"-66.61","45.92","FREDERICTON CDA CS","8101605","2019-11-24 13:00","2019","11","24","13:00"
"-66.61","45.92","FREDERICTON CDA CS","8101605","2019-11-24 14:00","2019","11","24","14:00"
"-66.61","45.92","FREDERICTON CDA CS","8101605","2019-11-24 15:00","2019","11","24","15:00"
"-66.61","45.92","FREDERICTON CDA CS","8101605","2019-11-24 16:00","2019","11","24","16:00"
"-66.61","45.92","FREDERICTON CDA CS","8101605","2019-11-24 17:00","2019","11","24","17:00"
"-66.61","45.92","FREDERICTON CDA CS","8101605","2019-11-24 18:00","2019","11","24","18:00"
"-66.61","45.92","FREDERICTON CDA CS","8101605","2019-11-24 19:00","2019","11","24","19:00"
"-66.61","45.92","FREDERICTON CDA CS","8101605","2019-11-24 20:00","2019","11","24","20:00"
"-66.61","45.92","FREDERICTON CDA CS","8101605","2019-11-24 21:00","2019","11","24","21:00"
"-66.61","45.92","FREDERICTON CDA CS","8101605","2019-11-24 22:00","2019","11","24","22:00"
"-66.61","45.92","FREDERICTON CDA CS","8101605","2019-11-24 23:00","2019","11","24","23:00"
"-66.61","45.92","FREDERICTON CDA CS","8101605","2019-11-25 00:00","2019","11","25","00:00"
"-66.61","45.92","FREDERICTON CDA CS","8101605","2019-11-25 01:00","2019","11","25","01:00"
"-66.61","45.92","FREDERICTON CDA CS","8101605","2019-11-25 02:00","2019","11","25","02:00"
"-66.61","45.92","FREDERICTON CDA CS","8101605","2019-11-25 03:00","2019","11","25","03:00"
"-66.61","45.92","FREDERICTON CDA CS","8101605","2019-11-25 04:00","2019","11","25","04:00"
"-66.61","45.92","FREDERICTON CDA CS","8101605","2019-11-25 05:00","2019","11","25","05:00"
"-66.61","45.92","FREDERICTON CDA CS","8101605","2019-11-25 06:00","2019","11","25","06:00"
"-66.61","45.92","FREDERICTON CDA CS","8101605","2019-11-25 07:00","2019","11","25","07:00"
"-66.61","45.92","FREDERICTON CDA CS","8101605","2019-11-25 08:00","2019","11","25","08:00"
"-66.61","45.92","FREDERICTON CDA CS","8101605","2019-11-25 09:00","2019","11","25","09:00"
"-66.61","45.92","FREDERICTON CDA CS","8101605","2019-11-25 10:00","2019","11","25","10:00"
"-66.61","45.92","FREDERICTON CDA CS","8101605","2019-11-25 11:00","2019","11","25","11:00"
"-66.61","45.92","FREDERICTON CDA CS","8101605","2019-11-25 12:00","2019","11","25","12:00"
"-66.61","45.92","FREDERICTON CDA CS","8101605","2019-11-25 13:00","2019","11","25","13:00"
"-66.61","45.92","FREDERICTON CDA CS","8101605","2019-11-25 14:00","2019","11","25","14:00"
"-66.61","45.92","FREDERICTON CDA CS","8101605","2019-11-25 15:00","2019","11","25","15:00"
"-66.61","45.92","FREDERICTON CDA CS","8101605","2019-11-25 16:00","2019","11","25","16:00"
"-66.61","45.92","FREDERICTON CDA CS","8101605","2019-11-25 17:00","2019","11","25","17:00"
"-66.61","45.92","FREDERICTON CDA CS","8101605","2019-11-25 18:00","2019","11","25","18:00"
"-66.61","45.92","FREDERICTON CDA CS","8101605","2019-11-25 19:00","2019","11","25","19:00"
"-66.61","45.92","FREDERICTON CDA CS","8101605","2019-11-25 20:00","2019","11","25","20:00"
"-66.61","45.92","FREDERICTON CDA CS","8101605","2019-11-25 21:00","2019","11","25","21:00"
"-66.61","45.92","FREDERICTON CDA CS","8101605","2019-11-25 22:00","2019","11","25","22:00"
"-66.61","45.92","FREDERICTON CDA CS","8101605","2019-11-25 23:00","2019","11","25","23:00"
"-66.61","45.92","FREDERICTON CDA CS","8101605","2019-11-26 00:00","2019","11","26","00:00"
"-66.61","45.92","FREDERICTON CDA CS","8101605","2019-11-26 01:00","2019","11","26","01:00"
"-66.61","45.92","FREDERICTON CDA CS","8101605","2019-11-26 02:00","2019","11","26","02:00"
"-66.61","45.92","FREDERICTON CDA CS","8101605","2019-11-26 03:00","2019","11","26","03:00"
"-66.61","45.92","FREDERICTON CDA CS","8101605","2019-11-26 04:00","2019","11","26","04:00"
"-66.61","45.92","FREDERICTON CDA CS","8101605","2019-11-26 05:00","2019","11","26","05:00"
"-66.61","45.92","FREDERICTON CDA CS","8101605","2019-11-26 06:00","2019","11","26","06:00"
"-66.61","45.92","FREDERICTON CDA CS","8101605","2019-11-26 07:00","2019","11","26","07:00"
"-66.61","45.92","FREDERICTON CDA CS","8101605","2019-11-26 08:00","2019","11","26","08:00"
"-66.61","45.92","FREDERICTON CDA CS","8101605","2019-11-26 09:00","2019","11","26","09:00"
"-66.61","45.92","FREDERICTON CDA CS","8101605","2019-11-26 10:00","2019","11","26","10:00"
"-66.61","45.92","FREDERICTON CDA CS","8101605","2019-11-26 11:00","2019","11","26","11:00"
"-66.61","45.92","FREDERICTON CDA CS","8101605","2019-11-26 12:00","2019","11","26","12:00"
"-66.61","45.92","FREDERICTON CDA CS","8101605","2019-11-26 13:00","2019","11","26","13:00"
"-66.61","45.92","FREDERICTON CDA CS","8101605","2019-11-26 14:00","2019","11","26","14:00"
"-66.61","45.92","FREDERICTON CDA CS","8101605","2019-11-26 15:00","2019","11","26","15:00"
"-66.61","45.92","FREDERICTON CDA CS","8101605","2019-11-26 16:00","2019","11","26","16:00"
"-66.61","45.92","FREDERICTON CDA CS","8101605","2019-11-26 17:00","2019","11","26","17:00"
"-66.61","45.92","FREDERICTON CDA CS","8101605","2019-11-26 18:00","2019","11","26","18:00"
"-66.61","45.92","FREDERICTON CDA CS","8101605","2019-11-26 19:00","2019","11","26","19:00"
"-66.61","45.92","FREDERICTON CDA CS","8101605","2019-11-26 20:00","2019","11","26","20:00"
"-66.61","45.92","FREDERICTON CDA CS","8101605","2019-11-26 21:00","2019","11","26","21:00"
"-66.61","45.92","FREDERICTON CDA CS","8101605","2019-11-26 22:00","2019","11","26","22:00"
"-66.61","45.92","FREDERICTON CDA CS","8101605","2019-11-26 23:00","2019","11","26","23:00"
"-66.61","45.92","FREDERICTON CDA CS","8101605","2019-11-27 00:00","2019","11","27","00:00"
"-66.61","45.92","FREDERICTON CDA CS","8101605","2019-11-27 01:00","2019","11","27","01:00"
"-66.61","45.92","FREDERICTON CDA CS","8101605","2019-11-27 02:00","2019","11","27","02:00"
"-66.61","45.92","FREDERICTON CDA CS","8101605","2019-11-27 03:00","2019","11","27","03:00"
"-66.61","45.92","FREDERICTON CDA CS","8101605","2019-11-27 04:00","2019","11","27","04:00"
"-66.61","45.92","FREDERICTON CDA CS","8101605","2019-11-27 05:00","2019","11","27","05:00"
"-66.61","45.92","FREDERICTON CDA CS","8101605","2019-11-27 06:00","2019","11","27","06:00"
"-66.61","45.92","FREDERICTON CDA CS","8101605","2019-11-27 07:00","2019","11","27","07:00"
"-66.61","45.92","FREDERICTON CDA CS","8101605","2019-11-27 08:00","2019","11","27","08:00"
"-66.61","45.92","FREDERICTON CDA CS","8101605","2019-11-27 09:00","2019","11","27","09:00"
"-66.61","45.92","FREDERICTON CDA CS","8101605","2019-11-27 10:00","2019","11","27","10:00"
"-66.61","45.92","FREDERICTON CDA CS","8101605","2019-11-27 11:00","2019","11","27","11:00"
"-66.61","45.92","FREDERICTON CDA CS","8101605","2019-11-27 12:00","2019","11","27","12:00"
"-66.61","45.92","FREDERICTON CDA CS","8101605","2019-11-27 13:00","2019","11","27","13:00"
"-66.61","45.92","FREDERICTON CDA CS","8101605","2019-11-27 14:00","2019","11","27","14:00"
"-66.61","45.92","FREDERICTON CDA CS","8101605","2019-11-27 15:00","2019","11","27","15:00"
"-66.61","45.92","FREDERICTON CDA CS","8101605","2019-11-27 16:00","2019","11","27","16:00"
"-66.61","45.92","FREDERICTON CDA CS","8101605","2019-11-27 17:00","2019","11","27","17:00"
"-66.61","45.92","FREDERICTON CDA CS","8101605","2019-11-27 18:00","2019","11","27","18:00"
"-66.61","45.92","FREDERICTON CDA CS","8101605","2019-11-27 19:00","2019","11","27","19:00"
"-66.61","45.92","FREDERICTON CDA CS","8101605","2019-11-27 20:00","2019","11","27","20:00"
"-66.61","45.92","FREDERICTON CDA CS","8101605","2019-11-27 21:00","2019","11","27","21:00"
"-66.61","45.92","FREDERICTON CDA CS","8101605","2019-11-27 22:00","2019","11","27","22:00"
"-66.61","45.92","FREDERICTON CDA CS","8101605","2019-11-27 23:00","2019","11","27","23:00"
"-66.61","45.92","FREDERICTON CDA CS","8101605","2019-11-28 00:00","2019","11","28","00:00"
"-66.61","45.92","FREDERICTON CDA CS","8101605","2019-11-28 01:00","2019","11","28","01:00"
"-66.61","45.92","FREDERICTON CDA CS","8101605","2019-11-28 02:00","2019","11","28","02:00"
"-66.61","45.92","FREDERICTON CDA CS","8101605","2019-11-28 03:00","2019","11","28","03:00"
"-66.61","45.92","FREDERICTON CDA CS","8101605","2019-11-28 04:00","2019","11","28","04:00"
"-66.61","45.92","FREDERICTON CDA CS","8101605","2019-11-28 05:00","2019","11","28","05:00"
"-66.61","45.92","FREDERICTON CDA CS","8101605","2019-11-28 06:00","2019","11","28","06:00"
"-66.61","45.92","FREDERICTON CDA CS","8101605","2019-11-28 07:00","2019","11","28","07:00"
"-66.61","45.92","FREDERICTON CDA CS","8101605","2019-11-28 08:00","2019","11","28","08:00"
"-66.61","45.92","FREDERICTON CDA CS","8101605","2019-11-28 09:00","2019","11","28","09:00"
"-66.61","45.92","FREDERICTON CDA CS","8101605","2019-11-28 10:00","2019","11","28","10:00"
"-66.61","45.92","FREDERICTON CDA CS","8101605","2019-11-28 11:00","2019","11","28","11:00"
"-66.61","45.92","FREDERICTON CDA CS","8101605","2019-11-28 12:00","2019","11","28","12:00"
"-66.61","45.92","FREDERICTON CDA CS","8101605","2019-11-28 13:00","2019","11","28","13:00"
"-66.61","45.92","FREDERICTON CDA CS","8101605","2019-11-28 14:00","2019","11","28","14:00"
"-66.61","45.92","FREDERICTON CDA CS","8101605","2019-11-28 15:00","2019","11","28","15:00"
"-66.61","45.92","FREDERICTON CDA CS","8101605","2019-11-28 16:00","2019","11","28","16:00"
"-66.61","45.92","FREDERICTON CDA CS","8101605","2019-11-28 17:00","2019","11","28","17:00"
"-66.61","45.92","FREDERICTON CDA CS","8101605","2019-11-28 18:00","2019","11","28","18:00"
"-66.61","45.92","FREDERICTON CDA CS","8101605","2019-11-28 19:00","2019","11","28","19:00"
"-66.61","45.92","FREDERICTON CDA CS","8101605","2019-11-28 20:00","2019","11","28","20:00"
"-66.61","45.92","FREDERICTON CDA CS","8101605","2019-11-28 21:00","2019","11","28","21:00"
"-66.61","45.92","FREDERICTON CDA CS","8101605","2019-11-28 22:00","2019","11","28","22:00"
"-66.61","45.92","FREDERICTON CDA CS","8101605","2019-11-28 23:00","2019","11","28","23:00"
"-66.61","45.92","FREDERICTON CDA CS","8101605","2019-11-29 00:00","2019","11","29","00:00"
"-66.61","45.92","FREDERICTON CDA CS","8101605","2019-11-29 01:00","2019","11","29","01:00"
"-66.61","45.92","FREDERICTON CDA CS","8101605","2019-11-29 02:00","2019","11","29","02:00"
"-66.61","45.92","FREDERICTON CDA CS","8101605","2019-11-29 03:00","2019","11","29","03:00"
"-66.61","45.92","FREDERICTON CDA CS","8101605","2019-11-29 04:00","2019","11","29","04:00"
"-66.61","45.92","FREDERICTON CDA CS","8101605","2019-11-29 05:00","2019","11","29","05:00"
"-66.61","45.92","FREDERICTON CDA CS","8101605","2019-11-29 06:00","2019","11","29","06:00"
"-66.61","45.92","FREDERICTON CDA CS","8101605","2019-11-29 07:00","2019","11","29","07:00"
"-66.61","45.92","FREDERICTON CDA CS","8101605","2019-11-29 08:00","2019","11","29","08:00"
"-66.61","45.92","FREDERICTON CDA CS","8101605","2019-11-29 09:00","2019","11","29","09:00"
"-66.61","45.92","FREDERICTON CDA CS","8101605","2019-11-29 10:00","2019","11","29","10:00"
"-66.61","45.92","FREDERICTON CDA CS","8101605","2019-11-29 11:00","2019","11","29","11:00"
"-66.61","45.92","FREDERICTON CDA CS","8101605","2019-11-29 12:00","2019","11","29","12:00"
"-66.61","45.92","FREDERICTON CDA CS","8101605","2019-11-29 13:00","2019","11","29","13:00"
"-66.61","45.92","FREDERICTON CDA CS","8101605","2019-11-29 14:00","2019","11","29","14:00"
"-66.61","45.92","FREDERICTON CDA CS","8101605","2019-11-29 15:00","2019","11","29","15:00"
"-66.61","45.92","FREDERICTON CDA CS","8101605","2019-11-29 16:00","2019","11","29","16:00"
"-66.61","45.92","FREDERICTON CDA CS","8101605","2019-11-29 17:00","2019","11","29","17:00"
"-66.61","45.92","FREDERICTON CDA CS","8101605","2019-11-29 18:00","2019","11","29","18:00"
"-66.61","45.92","FREDERICTON CDA CS","8101605","2019-11-29 19:00","2019","11","29","19:00"
"-66.61","45.92","FREDERICTON CDA CS","8101605","2019-11-29 20:00","2019","11","29","20:00"
"-66.61","45.92","FREDERICTON CDA CS","8101605","2019-11-29 21:00","2019","11","29","21:00"
"-66.61","45.92","FREDERICTON CDA CS","8101605","2019-11-29 22:00","2019","11","29","22:00"
"-66.61","45.92","FREDERICTON CDA CS","8101605","2019-11-29 23:00","2019","11","29","23:00"
"-66.61","45.92","FREDERICTON CDA CS","8101605","2019-11-30 00:00","2019","11","30","00:00"
"-66.61","45.92","FREDERICTON CDA CS","8101605","2019-11-30 01:00","2019","11","30","01:00"
"-66.61","45.92","FREDERICTON CDA CS","8101605","2019-11-30 02:00","2019","11","30","02:00"
"-66.61","45.92","FREDERICTON CDA CS","8101605","2019-11-30 03:00","2019","11","30","03:00"
"-66.61","45.92","FREDERICTON CDA CS","8101605","2019-11-30 04:00","2019","11","30","04:00"
"-66.61","45.92","FREDERICTON CDA CS","8101605","2019-11-30 05:00","2019","11","30","05:00"
"-66.61","45.92","FREDERICTON CDA CS","8101605","2019-11-30 06:00","2019","11","30","06:00"
"-66.61","45.92","FREDERICTON CDA CS","8101605","2019-11-30 07:00","2019","11","30","07:00"
"-66.61","45.92","FREDERICTON CDA CS","8101605","2019-11-30 08:00","2019","11","30","08:00"
"-66.61","45.92","FREDERICTON CDA CS","8101605","2019-11-30 09:00","2019","11","30","09:00"
"-66.61","45.92","FREDERICTON CDA CS","8101605","2019-11-30 10:00","2019","11","30","10:00"
"-66.61","45.92","FREDERICTON CDA CS","8101605","2019-11-30 11:00","2019","11","30","11:00"
"-66.61","45.92","FREDERICTON CDA CS","8101605","2019-11-30 12:00","2019","11","30","12:00"
"-66.61","45.92","FREDERICTON CDA CS","8101605","2019-11-30 13:00","2019","11","30","13:00"
"-66.61","45.92","FREDERICTON CDA CS","8101605","2019-11-30 14:00","2019","11","30","14:00"
"-66.61","45.92","FREDERICTON CDA CS","8101605","2019-11-30 15:00","2019","11","30","15:00"
"-66.61","45.92","FREDERICTON CDA CS","8101605","2019-11-30 16:00","2019","11","30","16:00"
"-66.61","45.92","FREDERICTON CDA CS","8101605","2019-11-30 17:00","2019","11","30","17:00"
"-66.61","45.92","FREDERICTON CDA CS","8101605","2019-11-30 18:00","2019","11","30","18:00"
"-66.61","45.92","FREDERICTON CDA CS","8101605","2019-11-30 19:00","2019","11","30","19:00"
"-66.61","45.92","FREDERICTON CDA CS","8101605","2019-11-30 20:00","2019","11","30","20:00"
"-66.61","45.92","FREDERICTON CDA CS","8101605","2019-11-30 21:00","2019","11","30","21:00"
"-66.61","45.92","FREDERICTON CDA CS","8101605","2019-11-30 22:00","2019","11","30","22:00"
"-66.61","45.92","FREDERICTON CDA CS","8101605","2019-11-30 23:00","2019","11","30","23:00"
